INSERT INTO "main"."user" ("UserId", "username", "password", "CreateTime", "Gender", "Birthday") VALUES ('1', 'wudi', 'pbkdf2:sha256:150000$djNBdDCE$553154c822dd38a909db43c010c67485e536c0c9169642494ac3481d22ecc04a', '', 'MM', '2020-3-31');
INSERT INTO "main"."user" ("UserId", "username", "password", "CreateTime", "Gender", "Birthday") VALUES ('2', ' tcbest', 'pbkdf2:sha256:150000$pzWoQOCZ$2415752eda83ce33b11dbd502ea10df696359ee4e262710462f706104a29c68e', '', 'male', ' 2020-03-01}');
INSERT INTO "main"."user" ("UserId", "username", "password", "CreateTime", "Gender", "Birthday") VALUES ('3', 'tc123', 'pbkdf2:sha256:150000$dcBMUWiJ$5ea8ea1260a2cd290887372852fc1ed057f94c83adc8730d7feba1d103e54555', '', 's', '');
INSERT INTO "main"."user" ("UserId", "username", "password", "CreateTime", "Gender", "Birthday") VALUES ('4', 'best', 'pbkdf2:sha256:150000$PRsrCm5y$ed7c773540482f28ba9528795e3196f2acb9aedee4127173759bfac88e6c8bd5', '', '', '');
INSERT INTO "main"."sqlite_sequence" ("name", "seq") VALUES ('user', '4');
INSERT INTO "main"."sqlite_sequence" ("name", "seq") VALUES ('storeowner', '2');
INSERT INTO "main"."sqlite_sequence" ("name", "seq") VALUES ('store', '17');
INSERT INTO "main"."sqlite_sequence" ("name", "seq") VALUES ('store_has_storeowner', '5');
INSERT INTO "main"."store" ("StoreId", "StoreName", "StoreLatitude", "StoreLongitude", "StoreDescription") VALUES ('13', 'nike', '99.1', '99.2', 'sfa');
INSERT INTO "main"."store" ("StoreId", "StoreName", "StoreLatitude", "StoreLongitude", "StoreDescription") VALUES ('14', 'kfc1', '123.0', '123.0', ' 2020-03-01}');
INSERT INTO "main"."store" ("StoreId", "StoreName", "StoreLatitude", "StoreLongitude", "StoreDescription") VALUES ('15', 'kfc2', '123.0', '123.0', ' 2020-03-01}');
INSERT INTO "main"."store" ("StoreId", "StoreName", "StoreLatitude", "StoreLongitude", "StoreDescription") VALUES ('16', 'kfc3', '123.0', '123.0', ' 2020-03-01}');
INSERT INTO "main"."store" ("StoreId", "StoreName", "StoreLatitude", "StoreLongitude", "StoreDescription") VALUES ('17', 'kfc4', '123.0', '123.0', ' 2020-03-01}');
INSERT INTO "main"."store_has_storeowner" ("id", "StoreId", "StoreOwnerId") VALUES ('1', '13', '1');
INSERT INTO "main"."store_has_storeowner" ("id", "StoreId", "StoreOwnerId") VALUES ('2', '14', '2');
INSERT INTO "main"."store_has_storeowner" ("id", "StoreId", "StoreOwnerId") VALUES ('3', '15', '2');
INSERT INTO "main"."store_has_storeowner" ("id", "StoreId", "StoreOwnerId") VALUES ('4', '16', '2');
INSERT INTO "main"."store_has_storeowner" ("id", "StoreId", "StoreOwnerId") VALUES ('5', '17', '2');
INSERT INTO "main"."storeowner" ("UserId", "username", "password", "CreateTime", "Gender", "Birthday") VALUES ('1', 'tc', 'pbkdf2:sha256:150000$O77zaErX$d1da6603c1359edbcc0a7a713438ee3053b9b30b9f0e8dbcd191323f6d79375d', '', ' FM', ' 2020-4-1');
INSERT INTO "main"."storeowner" ("UserId", "username", "password", "CreateTime", "Gender", "Birthday") VALUES ('2', 'best', 'pbkdf2:sha256:150000$pJfCZf52$ac655c53c6faf11ffa9061b9136a7151b3da017041a7d61b6a96ecedf7a12c38', '', 'male', ' 2020-03-01}');
